﻿Grade;2009;2010;2011;2012;2013;Variation 2009-2013
"";0,3;0,8;0,8;0,7;0,1;-74
A;0,4;0,1;0;0;0;-100
AGENT CONTRACTUEL;0;0;0;0;1;Inf
AGENT RECENSEUR;0,7;0,7;0,7;0,6;0,6;-12,3
AGT PRINC ATSEM 1 CL;0;0;0;0,8;1,7;Inf
AGT PRINC ATSEM 2 CL;2,8;3,8;3,8;3;4,9;77
APPRENTI;0,3;1,2;2,3;3,9;3,5;983,2
ATSEM 1ERE CLASSE;20,6;19;18,5;18;14,4;-30
ATSEM 1ERE CLZZZZ;0;0;0;0;0;
CEA;0;0;0;0;2,7;Inf
CEC;1;1;1;0;0;-100
CHEF CUISINIER;1;1;1;1;1;0
CHOMEUR;0;0;0;0;0;
COLLABORATEUR DE CABINET;1;1;1;1;1;0
CONSEILLER MUNICIPAL;2,9;3;3;3;3;2,9
CONTRAT D ACCOMP. EMPLOI;3,1;1,7;0,1;0,4;0;-100
CONTRAT UNIQUE D INSERT;0;8,4;3,9;1,9;0,6;Inf
MAIRE;1;1;1;1,1;1;0
MAIRE ADJOINT;10;10;9,9;10,8;10;0
NEANT;0;0;0;0;0;
STAGIAIRE EN ENTREPRISE;0,1;0,6;0;1,5;1,6;1269,7
V;7;9,7;10,6;8,4;9,8;40
Total;52,2;63;57,5;56,2;56,8;8,8
