﻿Grade;2009;2010;2011;2012;2013;Variation 2009-2013
ANIMATEUR PRINCIPAL 1CL;0;0;0;1;1;Inf
ANIMATEUR PRINCIPAL 2CL;0;0;0,4;0,2;0;
ANIMATEUR REMUNERE;4,4;7;7,9;9,7;9,5;116
ANIMATEUR TER. CHEF;1,4;1;0,1;0;0;-100
ANIMATEUR TER.PRINCIPAL;0,4;1;0,6;0;0;-100
ANIMATEUR TERRITORIAL;4,6;3,5;3,6;3;3;-33,9
ASS.CONS.PAT.BIB 2C;2;2;1,9;0,2;0;-100
ASS.QUA.CONS.PAT.BIB 1CL;0;0;0;0;0;
ASS.QUAL.CONS.PAT.BIB 2E;1;1;1;0,1;0;-100
ASS.QUAL.CONS.PAT.BIB HC;2;1,9;1;0,1;0;-100
ASSIST.CONSERV.PRINC 1CL;0;0;0;0;0;
ASSIST.CONSERV.PRINC 2CL;0;0;0;0,9;1,8;Inf
ASSIST.SOCIO-EDUC.PRINC;0,8;1,1;1,5;0,7;0,6;-26,8
ASSISTANT CONSERVATION;0;0;0;2,6;2;Inf
ASSISTANT SOCIO-ED PRINC;0;0;0;0;0;
ASSISTANT SOCIO-EDUCATIF;4,2;4;1,2;0,2;1,6;-62,5
CHEF DE SERVICE PM;0;0;0,6;0,1;0;
CHEF DE SERVICE PM CL EX;1;1;0,4;0;0;-100
CHEF SERV PM PAL 1ERE CL;0;0;0,6;0,2;0;
CHEF SERV.PM PAL 2 CL.;0;0;0;0;0,6;Inf
CHEF SERVICE PM CL NORM;2;1,8;0,4;0;0;-100
CONTROLEUR TER.PAL. TRAV;2;1,8;0;0;0;-100
EDUC.DE JEUNES ENFANTS;5,2;5,1;4,5;4,1;4;-23,8
EDUC.PRINC.JEUNES ENFANT;0;0,7;1,7;1,8;1,4;Inf
EDUC.TER.PRINC 1CL APS;0;0;0;1;1;Inf
EDUC.TER.PRINC 2CL APS;0;0;0,4;0;0;
EDUCATEUR J ENFANTS;0;0;0;0;1,4;Inf
EDUCATEUR TER. APS 2 CL;1,2;1;0,6;0;0;-100
EDUCATEUR TER. APS1CL;0;1;0,6;0;0;
EDUCATEUR TERRIT. APS;0;0;0,4;1;1;Inf
MONITEUR EDUCATEUR;0;0;0;1;0;
REDACTEUR PRINCIPAL 1 CL;0;0;0;4,2;13,3;Inf
REDACTEUR PRINCIPAL 2 CL;0;0;0;1,6;4,4;Inf
REDACTEUR TER. CHEF;4,8;7,8;9,3;7,5;0;-100
REDACTEUR TER. PRINCIPAL;4,3;2,9;3,2;3,7;0;-100
REDACTEUR TERRITORIAL;9,4;10,8;12,1;7,6;7,4;-21,3
REEDUCATEUR HORS CLASSE;0;0;0;0;0;
TECHN. SUP CHEF.;5;5,7;0;0;0;-100
TECHN. SUP. PRINCIP;3,5;2,6;0;0;0;-100
TECHN. SUP. TERR.;3,9;3,7;0;0;0;-100
TECHNICIEN PRINCIP 2CL;0;0,4;5;0,3;0;
TECHNICIEN TERR PAL 1 CL;0;0,8;9,6;8,9;7,7;Inf
TECHNICIEN TERR PAL 2 CL;0;0;0;3,1;2;Inf
TECHNICIEN TERRITORIAL;0;0;0;4,3;5;Inf
Total;63,1;69,6;68,6;69;68,6;8,7
