﻿Grade;2009;2010;2011;2012;2013;Variation 2009-2013
ATTACHE PRINCIPAL;5,7;4,2;3,8;3;3;-47,1
ATTACHE TERR. CONS.PATRI;2;2;1;1;1;-50
ATTACHE TERRITORIAL;7,4;8,5;8,4;7,8;7,7;3,6
BIBLIOTHECAIRE TERR.;1;1;1;0,7;1;0
CADRE DE SANTE INFIRMIER;0;0;0;0;0;
CONSERV.BIBLIOTH. CHEF;1;1;1;0,9;0;-100
CONSERV.PATRIMOINE CHEF;1;1;0,9;0;0;-100
D.G.A.S. 20000 40000 HAB;0;0;0;0;0;
DGST 40 80 MILES HAB;1;1;1;1;1;0
DIRECT. GENER. SERVICES;0;0;0;0;0;
DIRECT.GEN.ADJ. SERVICES;1;1;1;0,3;0;-100
DIRECTEUR DE CABINET;1;1;1;1;1;0
DIRECTEUR TERRITORIAL;1;1;1;0;0;-100
INFIRMIER CLASSE NORMALE;0;0;0;0;0;
INGENIEUR;2;1;0;0,7;3,5;74,2
INGENIEUR PRINCIPAL;2,3;3;4;3,3;2,8;20,4
MEDECIN;0;0;0;0;0;
PUERICULTRICE CLASSE NOR;0;0;0;0;0;
PUERICULTRICE CLASSE SUP;0;0;0,5;0,5;0,7;Inf
Total;26,4;25,7;24,6;20,2;21,7;-17,8
