﻿Grade;2009;2010;2011;2012;2013;Variation 2009-2013
ADJOINT ADMINIST 1 CL;14,2;14,5;16,2;16;14,2;-0,5
ADJOINT ADMINIST. 2 CL;27,5;21,5;22,3;26,8;25,9;-5,9
ADJT ADMINIS. PRINC 1 CL;7;6,5;4,7;5,6;6,6;-4,9
ADJT ADMINIS. PRINC 2 CL;5,9;8,1;7,8;7,5;7,1;20,3
ADJT ANIM. PRINC 2 CL;0;0,7;1;1;2;Inf
ADJT ANIMATION 1 CL;2,4;6;6,2;5,3;7;191,1
ADJT ANIMATION 2 CL;16,2;9,6;9,9;9,6;8,9;-45
ADJT PATRIMOINE 1 CL;1,3;4,8;4,8;3,8;3,9;207,9
ADJT PATRIMOINE 2 CL;6,2;2,7;2,7;2,8;3,6;-41
ADJT TECHNIQUE 1 CL;7,7;12;27,6;9,4;17,6;129,1
ADJT TECHNIQUE 2 CL;118,1;112,3;97,2;93,6;85,7;-27,4
ADJT. PATRIM. PRINC 1 CL;4,8;4,8;4,9;3,8;3,8;-20,4
ADJT. TECH. PRINC. 1 CL;0;0;0;24,5;32,6;Inf
ADJT. TECH. PRINC.2 CL;0;0;0;39,5;34;Inf
ADJT.TECH.PRINC.1 CL;14,4;17,8;24,4;1,8;0;-100
ADJT.TECH.PRINC.2 CL;40,6;37,3;29,7;3,9;0;-100
AGENT DE MAITRISE;13;15,9;15,3;15,8;14,6;12,2
AGENT MAITRISE PRINCIPAL;13,5;14;14,6;13;17;25,9
AGENT SOCIAL 1 CL;0;0;0;0;1;Inf
AGENT SOCIAL 2 CL;3;2,9;3;1,8;0,8;-72,5
AUX PUER. PRINC. 1 CL;0;0;0;0;0;
AUX PUER. PRINC. 2 CL;1,2;1,6;1,6;0,8;0,9;-25
AUXILIAIRE PUER 1 CLZZZZ;0;0;0;0;0;
AUXILIAIRE PUERIC 1 CL;10,3;11;9,6;11;10,4;1,1
AUXILIAIRE SOINS 1 CL;0;0;0;0;0;
BRIGADIER  P.M.;1;1;1;0;0;-100
BRIGADIER-CHEF PPAL P.M.;6;7;6,3;6,4;5,7;-4,3
CHEF SERV. POLICE MUNIC.;0;0;0;0,9;1,2;Inf
GARDIEN POLICE MUNICIPAL;1;0;0,7;1,9;2,3;133,3
OPERATEUR TER.APS;1;1;1;0;0;-100
OPERATEUR TER.APS QUALIF;0;0;0;1;1;Inf
RECEVEUR PRINCIPAL (EC);0;0;0;0;0;
Total;316,2;313,1;312,7;307,6;308;-2,6
