﻿Grade;2009;2010;2011;2012;2013;Variation 2009-2013
"";0;0;0;32198;32121;Inf
ADJOINT ADMINIST 1 CL;32187;32426;33650;0;0;-100
ADJOINT ADMINIST. 2 CL;27123;27635;29022;28651;29098;7,3
ADJT ADMINIS. PRINC 1 CL;35801;37549;44134;38215;39473;10,3
ADJT ADMINIS. PRINC 2 CL;0;34433;33814;35264;0;
ATTACHE TERRITORIAL;49811;50193;51498;53516;54229;8,9
REDACTEUR PRINCIPAL 1 CL;0;0;0;45771;47059;Inf
REDACTEUR TER. CHEF;41766;41136;41508;43777;0;-100
REDACTEUR TER. PRINCIPAL;38062;0;0;0;0;-100
REDACTEUR TERRITORIAL;0;38060;37250;38726;40023;Inf
Moyenne;35847,1;37435,7;38662,9;39003,6;40749,7;13,7
