﻿Grade;2009;2010;2011;2012;2013;Variation 2009-2013
"";0;0;0;0;0;
ADJOINT ADMINIST. 2 CL;24338;23079;29007;31825;33368;37,1
ADJT ADMINIS. PRINC 1 CL;0;0;36334;0;0;
ATTACHE TERRITORIAL;38315;0;0;0;0;-100
COLLABORATEUR DE CABINET;47056;46757;51228;52967;36996;-21,4
CONTRAT D ACCOMP. EMPLOI;0;19782;0;0;0;
CONTRAT UNIQUE D INSERT;0;24997;35304;0;0;
DIRECTEUR DE CABINET;75012;75302;79308;80113;71439;-4,8
REDACTEUR PRINCIPAL 1 CL;0;0;0;44524;46388;Inf
REDACTEUR TER. CHEF;0;41013;37551;42793;0;
REDACTEUR TER. PRINCIPAL;39578;0;0;0;0;-100
REDACTEUR TERRITORIAL;0;0;0;0;34553;Inf
Moyenne;48173,7;46868,6;49393,1;51242,1;45742,5;-5
