﻿Grade;2009;2010;2011;2012;2013;Variation 2009-2013
ADJT TECHNIQUE 1 CL;0;0;32353;0;0;
ADJT TECHNIQUE 2 CL;27181;27254;26105;27835;29630;9
ADJT. TECH. PRINC. 1 CL;0;0;0;33693;34955;Inf
ADJT. TECH. PRINC.2 CL;0;0;0;33154;35047;Inf
ADJT.TECH.PRINC.2 CL;30028;30237;30703;32296;0;-100
AGENT DE MAITRISE;0;33428;35125;34715;35010;Inf
AGENT MAITRISE PRINCIPAL;0;0;0;0;37829;Inf
CONTRAT D ACCOMP. EMPLOI;19573;0;0;0;0;-100
CONTRAT UNIQUE D INSERT;0;0;18721;19540;0;
NEANT;0;0;0;0;0;
Moyenne;28005;29442,6;30219,2;30808,6;33730,1;20,4
