﻿Grade;2010;2011;2012;2013;Variation 2010-2013
ADJOINT ADMINIST. 2 CL;27234;33110;34861;34567;26,9
ADJT ADMINIS. PRINC 2 CL;33232;32316;32859;34634;4,2
ATTACHE PRINCIPAL;17690;0;0;0;-100
ATTACHE TERRITORIAL;47030;47424;0;0;-100
REDACTEUR PRINCIPAL 1 CL;0;0;41750;43160;Inf
REDACTEUR TER. CHEF;40383;0;42022;0;-100
REDACTEUR TER. PRINCIPAL;0;41838;42097;0;
REDACTEUR TERRITORIAL;31759;78154;0;0;-100
TECHN. SUP CHEF.;41163;0;0;0;-100
TECHNICIEN TERR PAL 1 CL;41643;42538;42785;45522;9,3
Moyenne;34580,5;39829;37373,3;38539,1;11,4
