﻿Grade;2009;2010;2011;2012;2013;Variation 2009-2013
ADJOINT ADMINIST. 2 CL;0;0;0;11009;0;
ADJT ADMINIS. PRINC 2 CL;0;0;0;34592;0;
ADJT ANIMATION 2 CL;0;0;0;36398;36711;Inf
ADJT TECHNIQUE 1 CL;0;27119;30787;31279;0;
ADJT TECHNIQUE 2 CL;28399;27392;25535;27923;28314;-0,3
ADJT. TECH. PRINC. 1 CL;0;0;0;35568;34470;Inf
ADJT. TECH. PRINC.2 CL;0;0;0;33284;31156;Inf
ADJT.TECH.PRINC.1 CL;31852;32046;34156;35508;0;-100
ADJT.TECH.PRINC.2 CL;32966;32972;31552;32745;0;-100
AGENT DE MAITRISE;0;0;0;35364;35909;Inf
AGENT MAITRISE PRINCIPAL;40023;43341;43793;0;0;-100
CEA;0;0;0;0;19902;Inf
Moyenne;31477,8;31076,2;31689,9;32334,8;31772,3;0,9
