﻿Grade;2009;2010;2011;2012;2013;Variation 2009-2013
ADJOINT ADMINIST 1 CL;30912;31038;31352;31839;30164;-2,4
ADJOINT ADMINIST. 2 CL;29186;30101;29867;30080;30938;6
ADJT ADMINIS. PRINC 1 CL;0;0;0;35258;36148;Inf
ADJT ADMINIS. PRINC 2 CL;34961;35144;35827;36674;36972;5,8
AGENT RECENSEUR;18163;18260;18627;22738;20171;11,1
REDACTEUR PRINCIPAL 2 CL;0;0;0;39355;43780;Inf
REDACTEUR TER. PRINCIPAL;37760;38036;37021;42762;0;-100
REDACTEUR TERRITORIAL;0;35936;37331;41355;38520;Inf
Moyenne;30580,4;31845,2;33368;34652,3;34847,7;14
