﻿Grade;2009;2010;2011;2012;2013;Variation 2009-2013
ADJT TECHNIQUE 1 CL;26694;27717;28924;25365;38888;45,7
ADJT TECHNIQUE 2 CL;27445;26947;25816;29815;29090;6
ADJT. TECH. PRINC. 1 CL;0;0;0;33045;37458;Inf
ADJT. TECH. PRINC.2 CL;0;0;0;29850;30856;Inf
ADJT.TECH.PRINC.1 CL;0;0;33449;30867;0;
ADJT.TECH.PRINC.2 CL;28156;29616;28777;29430;0;-100
ANIMATEUR REMUNERE;0;0;22608;0;0;
ATSEM 1ERE CLASSE;28290;28278;29302;30481;30934;9,3
ATSEM 1ERE CLZZZZ;0;0;0;0;0;
NEANT;0;0;0;0;0;
VACATAIRE;0;3391;3468;28427;0;
Moyenne;27515,8;26544,5;24939,6;29666,9;30667,9;11,5
