﻿Grade;2010;2011;2012;2013;Variation 2010-2013
ADJT TECHNIQUE 2 CL;0;0;34915;36268;Inf
APPRENTI;0;16366;14975;0;
INGENIEUR PRINCIPAL;68228;68750;72422;74315;8,9
STAGIAIRE EN ENTREPRISE;5192;0;6274;0;-100
TECHN. SUP CHEF.;46970;0;0;0;-100
TECHN. SUP. PRINCIP;40421;0;0;0;-100
TECHN. SUP. TERR.;30157;0;0;0;-100
TECHNICIEN PRINCIP 2CL;37645;41252;42012;0;-100
TECHNICIEN TERR PAL 1 CL;46023;47132;48825;54106;17,6
TECHNICIEN TERR PAL 2 CL;0;0;45533;0;
TECHNICIEN TERRITORIAL;0;0;40728;37039;Inf
Moyenne;42201,2;49700,6;43623,5;50840,2;20,5
