﻿Grade;2009;2010;2011;2012;2013;Variation 2009-2013
ADJOINT ADMINIST 1 CL;30962;29534;30170;31026;31769;2,6
ADJOINT ADMINIST. 2 CL;27644;27370;27326;28603;28674;3,7
ADJT ADMINIS. PRINC 1 CL;37880;40112;0;0;0;-100
ADJT ADMINIS. PRINC 2 CL;36882;27663;42736;32957;33591;-8,9
ATSEM 1ERE CLASSE;28501;30055;0;0;0;-100
REDACTEUR PRINCIPAL 2 CL;0;0;0;45271;47120;Inf
REDACTEUR TER. PRINCIPAL;0;0;0;45036;0;
REDACTEUR TERRITORIAL;0;41526;42495;42614;42673;Inf
Moyenne;31408;29828,6;35054,7;33941,3;34445,4;9,7
