﻿Grade;2009;2010;2011;2012;2013;Variation 2009-2013
ADJOINT ADMINIST. 2 CL;28016;28295;28549;29348;29979;7
ADJT ANIMATION 1 CL;0;0;0;27853;30649;Inf
ADJT ANIMATION 2 CL;0;0;0;30141;34659;Inf
ADJT TECHNIQUE 2 CL;27687;25284;16613;25376;31413;13,5
ANIMATEUR PRINCIPAL 1CL;0;0;0;40597;0;
ANIMATEUR PRINCIPAL 2CL;0;0;38278;0;0;
ANIMATEUR TER.PRINCIPAL;36383;37087;38488;0;0;-100
ANIMATEUR TERRITORIAL;35067;35255;36286;37541;38519;9,8
STAGIAIRE EN ENTREPRISE;0;0;0;2918;0;
VACATAIRE;8228;8582;6274;8018;5866;-28,7
Moyenne;27560,8;27248,7;24823,3;27932,9;29494,2;7
