﻿Grade;2009;2010;2011;2012;2013;Variation 2009-2013
ADJT TECHNIQUE 1 CL;28197;28381;30062;33310;31880;13,1
ADJT TECHNIQUE 2 CL;28141;28197;27376;28497;28379;0,8
ADJT. TECH. PRINC. 1 CL;0;0;0;34540;35263;Inf
ADJT. TECH. PRINC.2 CL;0;0;0;31073;31934;Inf
ADJT.TECH.PRINC.1 CL;0;0;33305;35863;0;
ADJT.TECH.PRINC.2 CL;31995;30351;29169;30617;0;-100
AGENT DE MAITRISE;37151;37761;37745;0;31622;-14,9
TECHNICIEN TERRITORIAL;0;0;0;38688;39304;Inf
Moyenne;29562,1;29742,9;30058;31666,2;31850,5;7,7
