﻿Grade;2009;2010;2011;2012;2013;Variation 2009-2013
ADJT TECHNIQUE 2 CL;24258;25374;25052;26743;27120;11,8
AGENT SOCIAL 2 CL;0;28950;0;0;0;
ATSEM 1ERE CLASSE;32530;26951;27519;28712;29929;-8
ATSEM 1ERE CLZZZZ;0;0;0;0;0;
AUX PUER. PRINC. 2 CL;0;0;0;0;32658;Inf
AUXILIAIRE PUER 1 CLZZZZ;0;0;0;0;0;
AUXILIAIRE PUERIC 1 CL;28831;28151;29195;29623;28843;0
AUXILIAIRE SOINS 1 CL;0;0;0;0;0;
EDUC.DE JEUNES ENFANTS;30519;32044;29996;35931;34112;11,8
EDUCATEUR J ENFANTS;0;0;0;0;37129;Inf
Moyenne;29078,2;28343,4;28521,7;29508,1;29869,4;2,7
