﻿Grade;2009;2010;2011;2012;2013;Variation 2009-2013
ADJT TECHNIQUE 1 CL;0;27484;30097;0;0;
ADJT TECHNIQUE 2 CL;26932;28240;27477;28670;36693;36,2
ADJT. TECH. PRINC. 1 CL;0;0;0;38084;39483;Inf
ADJT. TECH. PRINC.2 CL;0;0;0;32585;33909;Inf
ADJT.TECH.PRINC.1 CL;34911;35327;35848;38145;0;-100
ADJT.TECH.PRINC.2 CL;29730;31135;30668;36306;0;-100
AGENT DE MAITRISE;0;0;0;32977;35469;Inf
AGENT MAITRISE PRINCIPAL;0;0;0;0;0;
APPRENTI;0;0;8804;9258;12196;Inf
Moyenne;29301,2;30201,5;30089,6;29927,4;34135,2;16,5
