﻿Grade;2009;2010;2011;2012;2013;Variation 2009-2013
ADJOINT ADMINIST 1 CL;31893;32012;32120;32830;33144;3,9
ADJOINT ADMINIST. 2 CL;34311;27697;30795;31584;32212;-6,1
ADJT TECHNIQUE 1 CL;28820;28174;29725;31478;30505;5,8
ADJT TECHNIQUE 2 CL;27822;28626;28215;29047;30981;11,4
ADJT. TECH. PRINC. 1 CL;0;0;0;32478;34239;Inf
ADJT. TECH. PRINC.2 CL;0;0;0;32333;32910;Inf
ADJT.TECH.PRINC.2 CL;29705;29930;30640;31504;0;-100
AGENT DE MAITRISE;33868;33612;34061;34116;0;-100
AGENT MAITRISE PRINCIPAL;0;0;0;0;36728;Inf
Moyenne;29444,4;29468,8;29924,2;31244,7;32737,1;11,2
