﻿Grade;2009;2010;2011;2012;2013;Variation 2009-2013
ADJT TECHNIQUE 2 CL;26165;27090;27323;28377;29275;11,9
AGENT SOCIAL 2 CL;25630;26439;0;0;0;-100
ATSEM 1ERE CLASSE;28295;26576;27302;29005;29571;4,5
AUX PUER. PRINC. 1 CL;0;0;0;0;0;
AUX PUER. PRINC. 2 CL;38412;37061;37463;36402;0;-100
AUXILIAIRE PUER 1 CLZZZZ;0;0;0;0;0;
AUXILIAIRE PUERIC 1 CL;28033;27627;30941;31414;31781;13,4
EDUC.DE JEUNES ENFANTS;23442;35703;0;0;26145;11,5
INFIRMIER CLASSE NORMALE;0;0;0;0;0;
PUERICULTRICE CLASSE NOR;0;0;0;0;0;
PUERICULTRICE CLASSE SUP;0;0;47815;47972;48431;Inf
Moyenne;28484,1;29639;31610,9;31572,5;31740,9;11,4
