﻿Grade;2010;2011;2012;2013;Variation 2010-2013
ADJOINT ADMINIST 1 CL;29165;29368;30021;31450;7,8
ADJOINT ADMINIST. 2 CL;27914;28130;28734;29447;5,5
ADJT ADMINIS. PRINC 2 CL;31660;32082;0;35096;10,9
ADJT TECHNIQUE 2 CL;25330;25894;16868;27432;8,3
ADJT. TECH. PRINC.2 CL;0;0;29337;29806;Inf
ADJT.TECH.PRINC.2 CL;27440;27871;28592;0;-100
REDACTEUR PRINCIPAL 1 CL;0;0;44538;48131;Inf
REDACTEUR TER. CHEF;0;42444;43536;0;
REDACTEUR TER. PRINCIPAL;42753;37910;40624;0;-100
REDACTEUR TERRITORIAL;36947;37694;0;0;-100
Moyenne;32605;32707,3;31982,3;33312,2;2,2
