﻿Grade;2010;2011;2012;2013;Variation 2010-2013
ADJT ADMINIS. PRINC 1 CL;35627;36225;36616;38879;9,1
ADJT ADMINIS. PRINC 2 CL;33164;33547;33720;0;-100
ADJT TECHNIQUE 2 CL;27503;20952;26423;27959;1,7
ANIMATEUR TERRITORIAL;0;0;0;26914;Inf
ATTACHE PRINCIPAL;0;0;0;0;
ATTACHE TERRITORIAL;54268;54790;57801;55566;2,4
CONTRAT D ACCOMP. EMPLOI;19768;0;0;0;-100
CONTRAT UNIQUE D INSERT;20311;18718;0;0;-100
REDACTEUR PRINCIPAL 2 CL;0;0;41768;43190;Inf
REDACTEUR TER. PRINCIPAL;0;0;40015;0;
REDACTEUR TERRITORIAL;38025;38179;0;0;-100
VACATAIRE;4109;0;0;0;-100
Moyenne;29453,5;36447;38630,1;38606,9;31,1
