﻿Grade;2009;2010;2011;2012;2013;Variation 2009-2013
ADJOINT ADMINIST 1 CL;32182;0;0;0;0;-100
ADJT ADMINIS. PRINC 1 CL;36692;35529;37101;37292;38309;4,4
ADJT TECHNIQUE 1 CL;24537;0;0;0;0;-100
ADJT TECHNIQUE 2 CL;24285;28228;26312;26700;26081;7,4
AGENT SOCIAL 2 CL;0;25693;27422;10782;0;
ATTACHE TERRITORIAL;55921;56076;58508;60085;61112;9,3
AUX PUER. PRINC. 1 CL;0;0;0;0;0;
AUXILIAIRE PUERIC 1 CL;0;0;0;0;0;
REDACTEUR PRINCIPAL 1 CL;0;0;0;43567;43297;Inf
REDACTEUR PRINCIPAL 2 CL;0;0;0;39628;0;
REDACTEUR TER. PRINCIPAL;0;0;38320;40045;0;
REDACTEUR TERRITORIAL;36170;37381;37565;0;0;-100
VACATAIRE;7110;0;0;0;0;-100
Moyenne;34026,3;37058,2;36866,2;38049,5;41066,5;20,7
