﻿Grade;2009;2010;2011;2012;2013;Variation 2009-2013
ADJT TECHNIQUE 2 CL;0;25523;25628;0;0;
ADJT. TECH. PRINC. 1 CL;0;0;0;35964;35789;Inf
ADJT. TECH. PRINC.2 CL;0;0;0;30101;31829;Inf
ADJT.TECH.PRINC.1 CL;32137;33604;34406;35411;0;-100
ADJT.TECH.PRINC.2 CL;29293;29477;28914;33363;0;-100
AGENT DE MAITRISE;31387;32059;0;0;0;-100
AGENT MAITRISE PRINCIPAL;40216;40853;36859;38187;38036;-5,4
APPRENTI;0;0;0;9461;9751;Inf
CONTRAT D ACCOMP. EMPLOI;19667;21384;0;0;0;-100
CONTRAT UNIQUE D INSERT;0;20202;18755;22449;0;
Moyenne;31160,7;30794,8;31059,1;33588,3;31953,8;2,5
