﻿Grade;2009;2010;2011;2012;2013;Variation 2009-2013
ADJT TECHNIQUE 2 CL;2,1;2,5;2,8;3;2,9;37
AGENT SOCIAL 2 CL;1;0,5;0;0;0;-100
ATSEM 1ERE CLASSE;1,2;1,1;1;1;1;-15,5
AUX PUER. PRINC. 1 CL;0;0;0;0;0;
AUX PUER. PRINC. 2 CL;1,2;1,6;1,6;0,8;0;-100
AUXILIAIRE PUER 1 CLZZZZ;0;0;0;0;0;
AUXILIAIRE PUERIC 1 CL;2,2;2,5;2,5;2,4;2,4;11,7
EDUC.DE JEUNES ENFANTS;0,6;0,7;0;0;0,4;-26,1
INFIRMIER CLASSE NORMALE;0;0;0;0;0;
PUERICULTRICE CLASSE NOR;0;0;0;0;0;
PUERICULTRICE CLASSE SUP;0;0;0,5;0,5;0,7;Inf
Total;8,2;8,9;8,5;7,7;7,4;-9,8
