﻿Grade;2009;2010;2011;2012;2013;Variation 2009-2013
ADJOINT ADMINIST 1 CL;0,8;0;0;0;0;-100
ADJT ADMINIS. PRINC 1 CL;1;1;1;1;1;0
ADJT TECHNIQUE 1 CL;0;0;0;0;0;-100
ADJT TECHNIQUE 2 CL;1,7;1,8;1,8;1,8;1,3;-22,1
AGENT SOCIAL 2 CL;0;0,1;0,4;0,1;0;
ATTACHE TERRITORIAL;1;1;1;1;1;0
AUX PUER. PRINC. 1 CL;0;0;0;0;0;
AUXILIAIRE PUERIC 1 CL;0;0;0;0;0;
REDACTEUR PRINCIPAL 1 CL;0;0;0;0,1;1;Inf
REDACTEUR PRINCIPAL 2 CL;0;0;0;0,2;0;
REDACTEUR TER. PRINCIPAL;0;0;0,2;0,7;0;
REDACTEUR TERRITORIAL;0,2;1;0,8;0;0;-100
V;0,2;0;0;0;0;-100
Total;5;5;5,2;4,9;4,3;-14
