﻿Grade;2010;2011;2012;2013;Variation 2010-2013
ADJT ADMINIS. PRINC 1 CL;1;1;1;1,8;80
ADJT ADMINIS. PRINC 2 CL;0,8;0,8;0,8;0;-100
ADJT TECHNIQUE 2 CL;0,9;0,9;1,2;2,1;116,6
ANIMATEUR TERRITORIAL;0;0;0;0;Inf
ATTACHE PRINCIPAL;0;0;0;0;
ATTACHE TERRITORIAL;1;1;1;1;0
CONTRAT D ACCOMP. EMPLOI;0,2;0;0;0;-100
CONTRAT UNIQUE D INSERT;0,8;0,2;0;0;-100
REDACTEUR PRINCIPAL 2 CL;0;0;0,3;1;Inf
REDACTEUR TER. PRINCIPAL;0;0;0,7;0;
REDACTEUR TERRITORIAL;1;1;0;0;-100
V;1,2;0;0;0;-100
Total;7;4,9;5,1;5,9;-15,7
