﻿Grade;2009;2010;2011;2012;2013;Variation 2009-2013
ADJOINT ADMINIST. 2 CL;0;0;0;0,1;0;
ADJT ADMINIS. PRINC 2 CL;0;0;0;0,7;0;
ADJT ANIMATION 2 CL;0;0;0;0,2;0,6;Inf
ADJT TECHNIQUE 1 CL;0;0,2;2,9;0,8;0;
ADJT TECHNIQUE 2 CL;4;4,4;2,3;2,1;3,1;-22,8
ADJT. TECH. PRINC. 1 CL;0;0;0;2,2;1,8;Inf
ADJT. TECH. PRINC.2 CL;0;0;0;1;1,1;Inf
ADJT.TECH.PRINC.1 CL;0,8;1;2;0,2;0;-100
ADJT.TECH.PRINC.2 CL;2,2;2;1;0,2;0;-100
AGENT DE MAITRISE;0;0;0;0,8;1,8;Inf
AGENT MAITRISE PRINCIPAL;1;1;1;0;0;-100
CEA;0;0;0;0;0,3;Inf
Total;8;8,6;9,2;8,3;8,5;6,2
