﻿Grade;2009;2010;2011;2012;2013;Variation 2009-2013
"";0;0;0;0;0;
ADJOINT ADMINIST. 2 CL;0,4;0,1;0,9;1,2;1;146,4
ADJT ADMINIS. PRINC 1 CL;0;0;0,1;0;0;
ATTACHE TERRITORIAL;0,8;0;0;0;0;-100
COLLABORATEUR DE CABINET;1;1;1;1;1;0
CONTRAT D ACCOMP. EMPLOI;0;0,1;0;0;0;
CONTRAT UNIQUE D INSERT;0;0,8;0,1;0;0;
DIRECTEUR DE CABINET;1;1;1;1;1;0
REDACTEUR PRINCIPAL 1 CL;0;0;0;0,3;0,9;Inf
REDACTEUR TER. CHEF;0;1;0,9;0,6;0;
REDACTEUR TER. PRINCIPAL;1;0;0;0;0;-100
REDACTEUR TERRITORIAL;0;0;0;0;0,5;Inf
Total;4,2;4;4;4,1;4,4;4,8
