﻿Grade;2010;2011;2012;2013;Variation 2010-2013
ADJOINT ADMINIST. 2 CL;13556;15112;16006;16384;20,9
ADJT ADMINIS. PRINC 2 CL;18028;18013;19180;19957;10,7
ATTACHE PRINCIPAL;11539;0;0;0;-100
ATTACHE TERRITORIAL;28264;28498;0;0;-100
REDACTEUR PRINCIPAL 1 CL;0;0;23680;24715;Inf
REDACTEUR TER. CHEF;23667;0;24267;0;-100
REDACTEUR TER. PRINCIPAL;0;22908;23259;0;
REDACTEUR TERRITORIAL;18235;52330;0;0;-100
TECHN. SUP CHEF.;25226;0;0;0;-100
TECHNICIEN TERR PAL 1 CL;25127;25765;25618;26668;6,1
Moyenne;19828,7;22506,4;20879,1;21371,7;7,8
