﻿Grade;2009;2010;2011;2012;2013;Variation 2009-2013
ADJOINT ADMINIST. 2 CL;0;0;0;6314;0;
ADJT ADMINIS. PRINC 2 CL;0;0;0;19830;0;
ADJT ANIMATION 2 CL;0;0;0;27283;26409;Inf
ADJT TECHNIQUE 1 CL;0;15789;17706;18668;0;
ADJT TECHNIQUE 2 CL;16224;15700;14616;16006;15988;-1,5
ADJT. TECH. PRINC. 1 CL;0;0;0;20334;19491;Inf
ADJT. TECH. PRINC.2 CL;0;0;0;18732;18488;Inf
ADJT.TECH.PRINC.1 CL;18595;18630;19627;20243;0;-100
ADJT.TECH.PRINC.2 CL;18840;18630;17536;18168;0;-100
AGENT DE MAITRISE;0;0;0;20201;20119;Inf
AGENT MAITRISE PRINCIPAL;22283;24391;24594;0;0;-100
CEA;0;0;0;0;15151;Inf
Moyenne;17949,3;17732,2;18074,1;18664,9;18559;3,4
