﻿Grade;2009;2010;2011;2012;2013;Variation 2009-2013
ADJT TECHNIQUE 1 CL;0;0;17668;0;0;
ADJT TECHNIQUE 2 CL;15713;15495;14657;15734;16464;4,8
ADJT. TECH. PRINC. 1 CL;0;0;0;18641;18619;Inf
ADJT. TECH. PRINC.2 CL;0;0;0;18583;18775;Inf
ADJT.TECH.PRINC.2 CL;17035;16960;17269;17799;0;-100
AGENT DE MAITRISE;0;18636;19549;19031;19779;Inf
AGENT MAITRISE PRINCIPAL;0;0;0;0;19733;Inf
CONTRAT D ACCOMP. EMPLOI;13641;0;0;0;0;-100
CONTRAT UNIQUE D INSERT;0;0;13509;14059;0;
NEANT;0;0;0;0;0;
Moyenne;16149,7;16593,3;17044,3;17492,2;18304,5;13,3
