﻿Grade;2009;2010;2011;2012;2013;Variation 2009-2013
ADJT TECHNIQUE 1 CL;14715;15491;16304;14475;20876;41,9
ADJT TECHNIQUE 2 CL;15600;15107;14573;17273;16408;5,2
ADJT. TECH. PRINC. 1 CL;0;0;0;20634;22323;Inf
ADJT. TECH. PRINC.2 CL;0;0;0;16477;16708;Inf
ADJT.TECH.PRINC.1 CL;0;0;20073;18781;0;
ADJT.TECH.PRINC.2 CL;15395;16611;15311;16040;0;-100
ANIMATEUR REMUNERE;0;0;14019;0;0;
ATSEM 1ERE CLASSE;16786;16904;17314;18195;18205;8,5
ATSEM 1ERE CLZZZZ;0;0;0;0;0;
NEANT;0;0;0;0;0;
VACATAIRE;0;1969;2002;16273;0;
Moyenne;15617,6;14934,9;14100,7;17196;17244;10,4
