﻿Grade;2010;2011;2012;2013;Variation 2010-2013
ADJT ADMINIS. PRINC 1 CL;20103;20367;20565;21772;8,3
ADJT ADMINIS. PRINC 2 CL;18174;18289;18537;0;-100
ADJT TECHNIQUE 2 CL;15873;12065;15622;16073;1,3
ANIMATEUR TERRITORIAL;0;0;0;15349;Inf
ATTACHE PRINCIPAL;0;0;0;0;
ATTACHE TERRITORIAL;32977;33071;35706;33089;0,3
CONTRAT D ACCOMP. EMPLOI;14529;0;0;0;-100
CONTRAT UNIQUE D INSERT;14041;13507;0;0;-100
REDACTEUR PRINCIPAL 2 CL;0;0;24604;25050;Inf
REDACTEUR TER. PRINCIPAL;0;0;23243;0;
REDACTEUR TERRITORIAL;22013;22165;0;0;-100
VACATAIRE;2371;0;0;0;-100
Moyenne;17420,1;21158,7;22642,3;22249,2;27,7
