﻿Grade;2009;2010;2011;2012;2013;Variation 2009-2013
ADJOINT ADMINIST. 2 CL;16679;16863;17047;17373;17531;5,1
ADJT ANIMATION 1 CL;0;0;0;16435;18220;Inf
ADJT ANIMATION 2 CL;0;0;0;18144;21370;Inf
ADJT TECHNIQUE 2 CL;16325;14670;10971;13862;18042;10,5
ANIMATEUR PRINCIPAL 1CL;0;0;0;24802;0;
ANIMATEUR PRINCIPAL 2CL;0;0;21952;0;0;
ANIMATEUR TER.PRINCIPAL;21868;22421;22927;0;0;-100
ANIMATEUR TERRITORIAL;21599;21293;21907;22750;22424;3,8
STAGIAIRE EN ENTREPRISE;0;0;0;2218;0;
VACATAIRE;4770;4952;3603;4598;3345;-29,9
Moyenne;16627,2;16287,4;14899,1;16644,4;17415,6;4,7
