﻿Grade;2009;2010;2011;2012;2013;Variation 2009-2013
ADJT TECHNIQUE 2 CL;16256;16386;16368;17054;17317;6,5
AGENT SOCIAL 2 CL;14682;15269;0;0;0;-100
ATSEM 1ERE CLASSE;16423;15557;16156;17407;17402;6
AUX PUER. PRINC. 1 CL;0;0;0;0;0;
AUX PUER. PRINC. 2 CL;23173;22163;22499;21934;0;-100
AUXILIAIRE PUER 1 CLZZZZ;0;0;0;0;0;
AUXILIAIRE PUERIC 1 CL;16686;16733;18914;19221;19202;15,1
EDUC.DE JEUNES ENFANTS;13561;21890;0;0;14911;10
INFIRMIER CLASSE NORMALE;0;0;0;0;0;
PUERICULTRICE CLASSE NOR;0;0;0;0;0;
PUERICULTRICE CLASSE SUP;0;0;29972;29886;29259;Inf
Moyenne;17016,3;17807,5;19120,9;19155,6;18918,4;11,2
