﻿Grade;2009;2010;2011;2012;2013;Variation 2009-2013
ADJT TECHNIQUE 2 CL;0;14722;15023;0;0;
ADJT. TECH. PRINC. 1 CL;0;0;0;20957;20379;Inf
ADJT. TECH. PRINC.2 CL;0;0;0;17102;18178;Inf
ADJT.TECH.PRINC.1 CL;19096;19942;19814;20737;0;-100
ADJT.TECH.PRINC.2 CL;16548;16621;16271;19981;0;-100
AGENT DE MAITRISE;17530;17956;0;0;0;-100
AGENT MAITRISE PRINCIPAL;23492;23938;20963;21788;21616;-8
APPRENTI;0;0;0;8715;8960;Inf
CONTRAT D ACCOMP. EMPLOI;13707;14832;0;0;0;-100
CONTRAT UNIQUE D INSERT;0;14028;13520;16343;0;
Moyenne;18066,6;18032,9;18058,9;19519;18680,5;3,4
