﻿Grade;2009;2010;2011;2012;2013;Variation 2009-2013
ADJT TECHNIQUE 1 CL;0;15979;17085;0;0;
ADJT TECHNIQUE 2 CL;15500;16376;16105;16101;21328;37,6
ADJT. TECH. PRINC. 1 CL;0;0;0;21055;21678;Inf
ADJT. TECH. PRINC.2 CL;0;0;0;18493;19347;Inf
ADJT.TECH.PRINC.1 CL;19235;19410;19613;21064;0;-100
ADJT.TECH.PRINC.2 CL;17072;17985;17591;21753;0;-100
AGENT DE MAITRISE;0;0;0;19065;20689;Inf
AGENT MAITRISE PRINCIPAL;0;0;0;0;0;
APPRENTI;0;0;8117;8531;11159;Inf
Moyenne;16642,1;17254,9;17187,4;17192,4;19880;19,5
