﻿Grade;2009;2010;2011;2012;2013;Variation 2009-2013
"";0;0;0;18140;18332;Inf
ADJOINT ADMINIST 1 CL;18476;18438;19517;0;0;-100
ADJOINT ADMINIST. 2 CL;15960;16349;17106;16766;17097;7,1
ADJT ADMINIS. PRINC 1 CL;19740;20555;24588;21788;22462;13,8
ADJT ADMINIS. PRINC 2 CL;0;20959;20306;21907;0;
ATTACHE TERRITORIAL;29319;29734;30471;31844;31901;8,8
REDACTEUR PRINCIPAL 1 CL;0;0;0;25229;26093;Inf
REDACTEUR TER. CHEF;23995;22966;23112;24495;0;-100
REDACTEUR TER. PRINCIPAL;21382;0;0;0;0;-100
REDACTEUR TERRITORIAL;0;21317;21174;22428;23285;Inf
Moyenne;20564,5;21329,9;22277,3;22571,3;23448,3;14
