﻿Grade;2009;2010;2011;2012;2013;Variation 2009-2013
ADJOINT ADMINIST 1 CL;18811;16891;17595;18587;18580;-1,2
ADJOINT ADMINIST. 2 CL;15759;15613;15570;16371;16099;2,2
ADJT ADMINIS. PRINC 1 CL;21494;22875;0;0;0;-100
ADJT ADMINIS. PRINC 2 CL;22075;16851;25524;19726;20049;-9,2
ATSEM 1ERE CLASSE;16347;17469;0;0;0;-100
REDACTEUR PRINCIPAL 2 CL;0;0;0;25678;26884;Inf
REDACTEUR TER. PRINCIPAL;0;0;0;25572;0;
REDACTEUR TERRITORIAL;0;23642;24281;25269;24922;Inf
Moyenne;18373,3;17447,5;20449,9;19969,5;19942,7;8,5
