﻿Grade;2009;2010;2011;2012;2013;Variation 2009-2013
"";0;0;0;0;0;
ADJOINT ADMINIST. 2 CL;14101;13317;16661;18242;19018;34,9
ADJT ADMINIS. PRINC 1 CL;0;0;20825;0;0;
ATTACHE TERRITORIAL;21859;0;0;0;0;-100
COLLABORATEUR DE CABINET;26910;26668;29337;30239;21351;-20,7
CONTRAT D ACCOMP. EMPLOI;0;13761;0;0;0;
CONTRAT UNIQUE D INSERT;0;16996;24209;0;0;
DIRECTEUR DE CABINET;43746;42964;45239;45354;41193;-5,8
REDACTEUR PRINCIPAL 1 CL;0;0;0;24987;26111;Inf
REDACTEUR TER. CHEF;0;23245;21222;24612;0;
REDACTEUR TER. PRINCIPAL;22456;0;0;0;0;-100
REDACTEUR TERRITORIAL;0;0;0;0;19706;Inf
Moyenne;27718,8;27324,2;28272,2;29177,6;26174,6;-5,6
