﻿Grade;2009;2010;2011;2012;2013;Variation 2009-2013
ADJOINT ADMINIST 1 CL;18366;18441;18583;18790;17733;-3,4
ADJOINT ADMINIST. 2 CL;17252;17899;17353;17566;17945;4
ADJT ADMINIS. PRINC 1 CL;0;0;0;20178;20727;Inf
ADJT ADMINIS. PRINC 2 CL;20626;20718;21118;21641;21259;3,1
AGENT RECENSEUR;10476;10536;10699;12991;11504;9,8
REDACTEUR PRINCIPAL 2 CL;0;0;0;23904;25823;Inf
REDACTEUR TER. PRINCIPAL;21883;22985;22229;26074;0;-100
REDACTEUR TERRITORIAL;0;20736;21739;24888;22524;Inf
Moyenne;18018,9;18881,1;19640,5;20605,8;20306,9;12,7
