﻿Grade;2010;2011;2012;2013;Variation 2010-2013
ADJOINT ADMINIST 1 CL;17552;17742;18123;18991;8,2
ADJOINT ADMINIST. 2 CL;16409;16439;17027;17156;4,6
ADJT ADMINIS. PRINC 2 CL;18890;19236;0;21787;15,3
ADJT TECHNIQUE 2 CL;14614;14862;9676;15649;7,1
ADJT. TECH. PRINC.2 CL;0;0;16828;16623;Inf
ADJT.TECH.PRINC.2 CL;15602;15888;16168;0;-100
REDACTEUR PRINCIPAL 1 CL;0;0;24855;26776;Inf
REDACTEUR TER. CHEF;0;23945;24586;0;
REDACTEUR TER. PRINCIPAL;24000;21176;23824;0;-100
REDACTEUR TERRITORIAL;20787;21661;0;0;-100
Moyenne;18791,4;18886;18668,8;19253,7;2,5
