﻿Grade;2009;2010;2011;2012;2013;Variation 2009-2013
ADJT TECHNIQUE 2 CL;15230;15070;14867;15776;15974;4,9
AGENT SOCIAL 2 CL;0;16790;0;0;0;
ATSEM 1ERE CLASSE;18585;15636;15979;16807;17681;-4,9
ATSEM 1ERE CLZZZZ;0;0;0;0;0;
AUX PUER. PRINC. 2 CL;0;0;0;0;19528;Inf
AUXILIAIRE PUER 1 CLZZZZ;0;0;0;0;0;
AUXILIAIRE PUERIC 1 CL;17419;16848;17570;18098;17491;0,4
AUXILIAIRE SOINS 1 CL;0;0;0;0;0;
EDUC.DE JEUNES ENFANTS;17514;18509;19263;22820;20862;19,1
EDUCATEUR J ENFANTS;0;0;0;0;22760;Inf
Moyenne;17304,4;16737,6;17252,6;17877,1;17957,1;3,8
