﻿Grade;2009;2010;2011;2012;2013;Variation 2009-2013
ADJOINT ADMINIST 1 CL;19001;0;0;0;0;-100
ADJT ADMINIS. PRINC 1 CL;20921;20209;21067;21057;21473;2,6
ADJT TECHNIQUE 1 CL;14399;0;0;0;0;-100
ADJT TECHNIQUE 2 CL;14627;16531;15410;16267;14992;2,5
AGENT SOCIAL 2 CL;0;15910;15804;6192;0;
ATTACHE TERRITORIAL;32709;32711;34074;35192;35255;7,8
AUX PUER. PRINC. 1 CL;0;0;0;0;0;
AUXILIAIRE PUERIC 1 CL;0;0;0;0;0;
REDACTEUR PRINCIPAL 1 CL;0;0;0;25599;25479;Inf
REDACTEUR PRINCIPAL 2 CL;0;0;0;23606;0;
REDACTEUR TER. PRINCIPAL;0;0;22554;24300;0;
REDACTEUR TERRITORIAL;21298;22262;22550;0;0;-100
VACATAIRE;4106;0;0;0;0;-100
Moyenne;19968,1;21654,2;21500,2;22489,3;23645,3;18,4
