﻿Grade;2009;2010;2011;2012;2013;Variation 2009-2013
ADJOINT ADMINIST 1 CL;17968;18018;17945;18202;18064;0,5
ADJOINT ADMINIST. 2 CL;19562;16971;18860;19197;19344;-1,1
ADJT TECHNIQUE 1 CL;17095;15642;16390;17771;16776;-1,9
ADJT TECHNIQUE 2 CL;15519;16019;15838;16501;16880;8,8
ADJT. TECH. PRINC. 1 CL;0;0;0;17823;19102;Inf
ADJT. TECH. PRINC.2 CL;0;0;0;18376;18331;Inf
ADJT.TECH.PRINC.2 CL;16504;16515;16899;17592;0;-100
AGENT DE MAITRISE;18982;19270;20320;20275;0;-100
AGENT MAITRISE PRINCIPAL;0;0;0;0;21051;Inf
Moyenne;16509,8;16626,1;16882,8;17848,3;18266,3;10,6
