﻿Grade;2009;2010;2011;2012;2013;Variation 2009-2013
ADJT TECHNIQUE 1 CL;15886;15474;16544;18598;17775;11,9
ADJT TECHNIQUE 2 CL;15790;15718;15134;16455;16182;2,5
ADJT. TECH. PRINC. 1 CL;0;0;0;18359;19820;Inf
ADJT. TECH. PRINC.2 CL;0;0;0;17804;18756;Inf
ADJT.TECH.PRINC.1 CL;0;0;17359;19127;0;
ADJT.TECH.PRINC.2 CL;17186;16376;16238;17092;0;-100
AGENT DE MAITRISE;22292;22591;22394;0;18380;-17,5
TECHNICIEN TERRITORIAL;0;0;0;22566;23486;Inf
Moyenne;16669,3;16585,4;16659,1;18007,2;18363,4;10,2
