﻿Grade;2010;2011;2012;2013;Variation 2010-2013
ADJT TECHNIQUE 2 CL;0;0;23412;23944;Inf
APPRENTI;0;14956;13669;0;
INGENIEUR PRINCIPAL;42253;42322;44612;45520;7,7
STAGIAIRE EN ENTREPRISE;4915;0;6274;0;-100
TECHN. SUP CHEF.;29178;0;0;0;-100
TECHN. SUP. PRINCIP;25322;0;0;0;-100
TECHN. SUP. TERR.;18678;0;0;0;-100
TECHNICIEN PRINCIP 2CL;23885;26915;25618;0;-100
TECHNICIEN TERR PAL 1 CL;29233;30119;32321;36483;24,8
TECHNICIEN TERR PAL 2 CL;0;0;28981;0;
TECHNICIEN TERRITORIAL;0;0;20457;20738;Inf
Moyenne;26296,1;31669,6;28364,7;32205,9;22,5
